N,P,K,temperature,humidity,ph,label
90,42,43,20.87974,82.00274,6.502985,rice
85,58,41,21.77046,80.31964,7.038096,rice
60,55,44,23.00446,82.32076,7.840207,rice
74,35,40,26.4911,80.15836,6.980401,rice
78,42,42,20.13017,81.60487,7.628473,rice
69,37,42,23.05805,83.37012,7.073454,rice
69,55,38,22.70884,82.63941,5.700806,rice
94,53,40,20.27774,82.89409,5.718627,rice
89,54,38,24.51588,83.53522,6.685346,rice
68,58,38,23.22397,83.03323,6.336254,rice
91,53,40,26.52724,81.41754,5.386168,rice
90,46,42,23.97898,81.45062,7.502834,rice
78,58,44,26.8008,80.88685,5.108682,rice
93,56,36,24.01498,82.05687,6.984354,rice
94,50,37,25.66585,80.66385,6.94802,rice
60,48,39,24.28209,80.30026,7.042299,rice
85,38,41,21.58712,82.78837,6.249051,rice
91,35,39,23.79392,80.41818,6.97086,rice
77,38,36,21.86525,80.1923,5.953933,rice
88,35,40,23.57944,83.5876,5.853932,rice
89,45,36,21.32504,80.47476,6.442475,rice
76,40,43,25.15746,83.11713,5.070176,rice
67,59,41,21.94767,80.97384,6.012633,rice
83,41,43,21.05254,82.6784,6.254028,rice
98,47,37,23.48381,81.33265,7.375483,rice
66,53,41,25.07564,80.52389,7.778915,rice
97,59,43,26.35927,84.04404,6.2865,rice
97,50,41,24.52923,80.54499,7.07096,rice
60,49,44,20.77576,84.49774,6.244841,rice
84,51,35,22.30157,80.64416,6.043305,rice
73,57,41,21.44654,84.94376,5.824709,rice
92,35,40,22.17932,80.33127,6.357389,rice
85,37,39,24.52784,82.73686,6.364135,rice
98,53,38,20.26708,81.63895,5.014507,rice
88,54,44,25.73543,83.88266,6.149411,rice
95,55,42,26.79534,82.14809,5.950661,rice
99,57,35,26.75754,81.17734,5.96037,rice
95,39,36,23.8633,83.15251,5.561399,rice
60,43,44,21.01945,82.95222,7.416245,rice
63,44,41,24.17299,83.72876,5.58337,rice
62,42,36,22.78134,82.06719,6.43001,rice
64,45,43,25.6298,83.52842,5.534878,rice
83,60,36,25.59705,80.14509,6.903986,rice
82,40,40,23.83067,84.8136,6.271479,rice
85,52,45,26.31355,82.36699,7.224286,rice
91,35,38,24.89728,80.52586,6.134287,rice
76,49,42,24.95878,84.47963,5.206373,rice
74,39,38,23.24114,84.59202,7.782051,rice
79,43,39,21.66628,80.70961,7.062779,rice
88,55,45,24.63545,80.41363,7.730368,rice
60,36,43,23.43122,83.0631,5.286204,rice
76,60,39,20.04541,80.34776,6.76624,rice
93,56,42,23.85724,82.22573,7.382763,rice
65,60,43,21.97199,81.89918,5.658169,rice
95,52,36,26.22917,83.83626,5.54336,rice
75,38,39,23.44677,84.79352,6.21511,rice
74,54,38,25.65553,83.47021,7.120273,rice
91,36,45,24.44345,82.45433,5.950648,rice
71,46,40,20.28019,82.12354,7.236705,rice
99,55,35,21.72383,80.23899,6.501698,rice
72,40,38,20.41447,82.20803,7.592491,rice
83,58,45,25.75529,83.51827,5.875346,rice
93,58,38,20.61521,83.77346,6.9324,rice
70,36,42,21.84107,80.72886,6.94621,rice
76,47,42,20.0837,83.29115,5.739175,rice
99,41,36,24.45802,82.74836,6.738652,rice
99,54,37,21.14347,80.33503,5.59482,rice
86,59,35,25.78721,82.11124,6.946636,rice
69,46,41,23.64125,80.28598,5.01214,rice
91,56,37,23.43192,80.56888,6.363472,rice
61,52,41,24.9767,83.89181,6.880431,rice
67,45,38,22.72791,82.17069,7.300411,rice
79,42,37,24.87301,82.84023,6.587919,rice
78,43,42,21.32376,83.0032,7.283737,rice
75,54,36,26.29465,84.56919,7.023936,rice
97,36,45,22.2287,81.85873,6.939084,rice
67,47,44,26.73072,81.78597,7.868475,rice
73,35,38,24.88921,81.97927,5.005307,rice
77,36,37,26.88445,81.46034,6.136132,rice
81,41,38,22.67846,83.72874,7.52408,rice
68,57,43,26.08868,80.3798,5.706943,rice
72,45,35,25.42978,82.94683,5.758506,rice
61,53,43,26.40323,81.05636,6.349606,rice
67,43,39,26.04372,84.96907,5.999969,rice
67,58,39,25.28272,80.54373,5.453592,rice
66,60,38,22.08577,83.47038,6.372576,rice
82,43,38,23.28617,81.43322,5.105588,rice
84,50,44,25.48592,81.40634,5.935344,rice
81,53,42,23.67575,81.03569,5.177823,rice
91,50,40,20.82477,84.13419,6.462392,rice
93,53,38,26.92995,81.91411,7.069172,rice
90,44,38,23.8351,83.88387,7.473134,rice
81,45,35,26.52873,80.12267,6.158377,rice
78,40,38,26.46428,83.85643,7.549874,rice
60,51,36,22.69658,82.81089,6.028322,rice
88,46,42,22.68319,83.46358,6.604993,rice
93,47,37,21.53346,82.14004,6.500343,rice
60,55,45,21.40866,83.32932,5.935745,rice
78,35,44,26.54348,84.67354,7.072656,rice
65,37,40,23.35905,83.59512,5.333323,rice
71,54,16,22.6136,63.69071,5.749914,Corn
61,44,17,26.10018,71.57477,6.931757,Corn
80,43,16,23.55882,71.59351,6.657965,Corn
73,58,21,19.97216,57.68273,6.596061,Corn
61,38,20,18.47891,62.69504,5.970458,Corn
68,41,16,21.77689,57.80841,6.158831,Corn
93,41,17,25.62172,66.50415,6.047907,Corn
89,60,19,25.19192,66.69029,5.913665,Corn
76,44,17,20.41683,62.55425,5.855442,Corn
67,60,25,24.92162,66.78627,5.750255,Corn
70,44,19,23.31689,73.45415,5.852607,Corn
90,49,21,24.84017,68.35846,6.472523,Corn
62,52,16,22.27527,58.84016,6.967058,Corn
92,44,16,18.87751,65.76816,6.082974,Corn
66,54,21,25.19009,60.20017,5.919046,Corn
63,58,22,18.25405,55.2822,6.204748,Corn
70,47,17,24.61291,70.41624,6.600827,Corn
61,41,17,25.14206,65.26185,6.021902,Corn
66,53,19,23.09348,60.11594,6.03355,Corn
74,55,19,18.05034,62.89367,6.288868,Corn
77,57,21,24.93216,73.80435,6.550564,Corn
99,50,15,18.1471,71.09445,5.573286,Corn
74,56,22,18.28362,66.65953,6.829199,Corn
83,45,21,18.83344,58.75082,5.716223,Corn
100,48,16,25.71896,67.22191,5.549902,Corn
79,51,16,25.33798,68.49836,6.586245,Corn
94,39,18,23.89115,57.48776,5.893093,Corn
75,49,15,21.53574,71.50906,5.918264,Corn
78,48,22,23.08975,63.1046,5.588651,Corn
87,54,20,25.61707,63.47118,6.576418,Corn
87,35,25,21.44527,63.16216,6.178056,Corn
63,43,19,18.51817,55.53128,6.641906,Corn
84,57,25,22.53511,67.99257,6.48904,Corn
64,35,23,23.02038,61.89472,5.680361,Corn
60,46,22,24.89365,65.61419,6.625404,Corn
98,44,21,25.77175,74.08911,6.524478,Corn
75,56,18,19.39852,62.35751,5.696205,Corn
86,55,21,21.54156,59.64024,6.803932,Corn
98,35,18,23.79746,74.82914,6.252798,Corn
76,57,18,18.98027,74.52601,6.092726,Corn
99,56,17,24.10859,73.13112,6.23433,Corn
60,44,23,24.79471,70.04557,5.72258,Corn
74,48,17,21.63163,60.27766,6.430616,Corn
89,60,17,25.37549,57.21026,5.983953,Corn
69,51,23,22.21738,72.85463,6.801639,Corn
96,46,22,20.58314,69.00129,6.499936,Corn
61,60,15,24.87503,68.74248,6.265564,Corn
74,58,18,20.03728,56.35607,6.727303,Corn
74,43,23,25.95263,61.89082,6.325235,Corn
63,43,17,19.2889,65.47051,6.807488,Corn
99,36,20,20.57982,65.34584,6.671086,Corn
77,36,23,24.71418,56.73426,6.648725,Corn
87,60,23,20.27317,63.91282,6.439072,Corn
60,38,17,18.41933,64.2358,6.474477,Corn
94,54,17,23.39128,61.74427,5.871648,Corn
95,38,22,19.84939,61.245,5.730617,Corn
84,44,21,21.86927,61.91045,5.85044,Corn
77,58,19,22.8056,56.50769,5.79165,Corn
66,44,20,19.07815,69.02299,6.740001,Corn
63,35,16,22.02721,65.3555,6.272418,Corn
79,45,20,23.80546,59.24538,5.715209,Corn
72,60,25,18.52511,69.02762,5.773455,Corn
67,51,24,23.50298,61.32026,5.584171,Corn
86,36,24,26.54986,72.89187,5.787268,Corn
76,48,18,19.29563,69.63481,5.775978,Corn
75,53,18,20.689,59.43753,6.864794,Corn
81,45,23,19.32666,68.03449,6.19236,Corn
73,45,21,24.60532,73.58869,6.636803,Corn
71,35,24,22.27374,59.52193,5.826427,Corn
96,54,22,25.70197,61.3345,6.960358,Corn
99,39,18,19.20129,68.30579,6.112751,Corn
62,48,20,21.70181,60.47471,6.708447,Corn
86,37,16,20.51717,59.21235,5.561511,Corn
94,50,19,23.30355,73.62548,5.873242,Corn
76,39,24,24.25475,55.6471,6.995844,Corn
77,52,17,24.86375,65.742,5.7148,Corn
74,39,23,22.62651,65.77473,6.780736,Corn
81,49,20,18.04186,60.61494,5.513698,Corn
63,42,21,23.26238,72.33126,5.798424,Corn
99,38,21,22.88331,71.59722,6.352472,Corn
90,52,25,25.97482,69.36386,6.822587,Corn
68,40,19,26.14384,66.2057,6.655426,Corn
60,57,24,18.66116,61.55327,6.121294,Corn
71,52,18,25.10787,55.97733,5.79077,Corn
61,59,17,23.33845,59.24581,6.474443,Corn
88,38,15,25.0824,65.92196,6.455117,Corn
65,60,22,25.36768,72.52055,6.606984,Corn
78,37,22,25.34217,63.31802,6.330554,Corn
78,58,15,25.00933,67.81657,6.528631,Corn
92,60,23,18.66747,71.51647,5.721667,Corn
79,59,17,20.38,63.7385,6.644205,Corn
91,55,15,18.093,72.61024,6.376651,Corn
76,51,18,26.16986,71.96247,6.24704,Corn
87,48,25,18.65397,61.3788,6.65673,Corn
71,60,22,26.0747,59.37148,6.204802,Corn
90,57,24,18.92852,72.80086,6.15886,Corn
67,35,22,23.30547,63.24648,6.385684,Corn
60,54,19,18.74827,62.49878,6.41782,Corn
83,58,23,19.74213,59.66263,6.381202,Corn
83,57,19,25.73044,70.74739,6.877869,Corn
19,55,20,27.43329,87.80508,7.185301,mungbean
8,54,20,28.33404,80.77276,7.034214,mungbean
36,55,20,27.0147,84.34263,6.635969,mungbean
10,56,16,28.17433,81.04555,6.828187,mungbean
22,56,17,29.87888,87.32761,6.89078,mungbean
9,57,24,29.89233,89.71503,7.165121,mungbean
34,59,23,28.56212,83.24856,6.935804,mungbean
31,51,25,27.53593,85.57019,7.196774,mungbean
0,49,18,29.68362,87.93598,6.990095,mungbean
21,39,20,28.14449,82.1193,7.064782,mungbean
28,35,22,29.53038,86.73346,7.156563,mungbean
17,52,17,27.88353,86.45148,6.364967,mungbean
24,42,23,28.22471,82.35916,6.428054,mungbean
28,46,16,29.00812,84.96089,6.664188,mungbean
21,38,21,29.75539,86.45193,6.637677,mungbean
34,60,25,29.78417,85.16907,6.793856,mungbean
19,53,22,27.86401,80.45131,6.852885,mungbean
31,58,15,27.11026,84.96772,7.121571,mungbean
19,35,24,27.1103,83.64274,6.883308,mungbean
24,53,17,28.95451,89.07866,6.421271,mungbean
13,47,20,29.2178,87.93724,6.544502,mungbean
31,53,16,28.74201,85.81676,6.452006,mungbean
28,45,23,29.65021,80.29868,6.489259,mungbean
31,37,21,27.23925,86.40424,6.713411,mungbean
33,60,15,28.95172,81.67085,6.510841,mungbean
34,45,21,28.18837,82.6063,6.28738,mungbean
13,57,25,28.30041,86.20682,6.863086,mungbean
33,57,17,27.89636,88.71782,6.784153,mungbean
32,57,22,28.68999,87.50437,6.769416,mungbean
23,59,25,27.82626,88.731,6.320768,mungbean
35,41,18,28.70563,81.59201,6.705009,mungbean
6,48,24,28.63628,84.61431,6.790736,mungbean
29,36,25,28.28512,88.4394,7.130279,mungbean
4,36,22,27.60887,86.13316,7.01274,mungbean
10,59,22,28.60901,86.99496,7.155685,mungbean
14,48,21,29.24599,84.80084,6.991242,mungbean
8,50,21,28.62911,89.11481,6.218924,mungbean
20,40,15,29.57329,88.07506,7.199495,mungbean
36,43,22,27.82684,87.16679,6.389882,mungbean
14,57,15,29.8757,83.14796,6.623438,mungbean
11,60,23,27.33684,88.50229,7.033013,mungbean
10,59,15,29.8304,89.30428,6.324005,mungbean
7,60,25,28.27532,82.76021,6.397637,mungbean
2,47,15,29.8686,85.99128,6.401456,mungbean
20,45,22,29.58882,89.99397,6.904587,mungbean
2,39,15,28.0722,82.91165,6.478557,mungbean
27,40,24,27.84027,89.99616,7.063022,mungbean
35,48,15,27.10818,87.45127,6.981758,mungbean
4,59,25,27.68515,81.94269,6.227134,mungbean
1,48,24,29.34595,85.60473,6.232837,mungbean
36,43,21,28.36319,84.85936,7.140438,mungbean
11,46,24,27.6528,89.80651,6.459252,mungbean
34,47,19,27.31373,85.44815,6.568795,mungbean
21,44,18,27.0691,86.89934,7.128511,mungbean
17,58,20,28.06643,85.91625,6.429379,mungbean
25,40,21,27.73329,81.13903,6.248901,mungbean
2,38,18,27.53633,89.92908,6.619891,mungbean
9,48,20,29.66462,84.28188,6.377569,mungbean
37,49,25,29.91454,85.85384,6.41546,mungbean
36,38,15,28.36364,87.59811,6.320662,mungbean
40,58,15,29.46416,87.6089,6.9784,mungbean
30,44,16,29.73013,82.89166,6.442336,mungbean
1,59,23,27.46853,87.17649,7.184399,mungbean
9,48,22,27.77076,87.0998,6.402926,mungbean
14,41,17,29.1294,88.48313,7.085982,mungbean
35,52,19,27.10607,89.89593,6.698574,mungbean
31,48,17,28.88079,86.94207,6.594739,mungbean
4,41,20,28.14721,83.80015,6.647966,mungbean
30,37,25,29.89129,80.14487,7.120032,mungbean
9,35,20,27.41503,80.98005,6.913809,mungbean
20,41,20,29.27309,89.4875,7.073048,mungbean
37,50,23,29.65297,88.48587,6.530471,mungbean
34,35,21,28.44525,82.6764,6.684381,mungbean
14,37,15,27.96236,83.97587,6.581351,mungbean
23,39,22,29.25649,81.97952,6.864839,mungbean
5,45,21,28.36291,88.00989,6.487124,mungbean
22,37,20,27.62749,86.49367,6.605733,mungbean
40,51,17,28.66086,86.12195,6.860603,mungbean
27,56,20,29.21142,87.11498,6.418743,mungbean
31,40,22,29.40889,86.16063,6.365514,mungbean
38,36,21,28.02953,84.88457,6.556373,mungbean
6,37,17,28.08657,80.35006,6.760694,mungbean
6,47,18,29.16175,80.28038,6.715277,mungbean
24,44,17,29.85969,80.035,6.666381,mungbean
25,59,19,29.06631,83.68692,6.62663,mungbean
32,56,21,27.38539,88.66664,6.702772,mungbean
8,45,18,27.93035,85.42059,7.011031,mungbean
19,39,17,29.28086,81.80092,6.890156,mungbean
39,37,15,28.99731,83.78912,6.821747,mungbean
33,37,19,27.92679,86.55432,7.18319,mungbean
26,54,17,28.54741,88.95705,6.272588,mungbean
21,51,15,29.36488,89.1887,6.679127,mungbean
22,54,20,28.5615,83.63802,6.689825,mungbean
29,45,16,28.43683,87.91333,6.583382,mungbean
4,40,21,28.79728,80.45744,6.725551,mungbean
10,37,22,28.72753,89.1276,7.069748,mungbean
4,44,19,27.9564,83.52706,6.921994,mungbean
20,45,17,28.17459,83.69659,6.770955,mungbean
23,45,23,28.77654,86.69134,6.98313,mungbean
25,48,21,28.4381,83.48991,6.267684,mungbean
91,94,46,29.36792,76.249,6.149934,banana
105,95,50,27.33369,83.67675,5.849076,banana
108,92,53,27.40054,82.96221,6.2768,banana
86,76,54,29.31591,80.11586,5.926825,banana
80,77,49,26.05433,79.39655,5.519088,banana
93,94,53,25.86632,84.42379,6.079179,banana
90,92,55,27.00932,80.18547,6.134656,banana
108,89,53,29.55055,78.06763,5.808498,banana
108,88,55,26.28846,83.39004,5.891458,banana
105,77,52,29.16227,76.16152,5.816622,banana
118,88,52,28.65004,82.68753,5.843163,banana
101,87,54,29.07311,76.50045,6.376757,banana
95,75,50,28.08166,75.2643,5.623616,banana
106,85,53,27.19946,78.80861,5.915055,banana
86,95,49,28.05484,78.04603,6.458715,banana
83,79,55,25.14748,83.34688,5.565029,banana
85,95,47,25.94019,78.34221,6.211833,banana
109,79,45,27.66753,79.68543,6.490074,banana
100,76,45,25.56703,75.94068,5.590236,banana
117,86,48,28.69562,82.54196,6.225225,banana
114,94,53,26.33545,76.8532,6.190757,banana
110,78,50,25.9373,78.89864,5.915569,banana
94,70,48,25.13687,84.88394,6.195152,banana
80,71,47,27.50528,80.79784,6.156373,banana
114,79,51,26.21009,82.34429,6.313197,banana
88,78,45,29.10403,79.19589,6.32427,banana
112,73,48,29.24406,77.32017,5.707489,banana
117,76,47,25.56202,77.38229,6.119216,banana
111,87,48,26.39855,81.36029,5.571401,banana
89,83,47,28.09578,77.79587,5.631272,banana
93,91,47,27.84768,83.31111,6.101242,banana
92,81,52,27.39342,81.46548,6.438137,banana
105,74,45,25.14518,81.38204,6.098369,banana
102,71,48,28.65456,79.28694,5.695268,banana
94,91,51,29.16093,76.67484,5.618094,banana
116,71,47,27.57278,82.06389,6.435786,banana
117,79,49,25.4091,82.36208,6.176644,banana
119,72,55,25.9907,83.33983,6.220644,banana
99,73,53,26.29039,81.06004,5.871702,banana
91,84,52,29.14827,78.71025,6.390742,banana
80,90,47,26.59744,79.35899,6.210845,banana
101,70,48,25.36059,75.03193,6.012697,banana
108,89,53,29.12037,80.18081,5.90877,banana
100,80,52,27.53911,77.2563,6.049802,banana
109,91,53,29.66727,83.51014,6.010096,banana
82,78,46,25.05802,84.97324,5.738679,banana
106,70,55,25.86825,78.524,5.740555,banana
90,86,52,25.85037,81.9558,5.79326,banana
83,95,50,26.51682,77.79914,5.509471,banana
119,90,48,28.66725,79.59243,5.986442,banana
107,72,45,28.14939,81.54449,5.790768,banana
116,81,55,26.42313,83.6995,5.915546,banana
101,75,50,26.59386,81.4074,6.242528,banana
93,81,50,27.71822,76.57853,6.036079,banana
95,75,45,28.98333,82.95958,5.829899,banana
107,71,55,29.42018,83.96754,6.088064,banana
83,94,47,27.39872,81.10523,6.469371,banana
102,73,54,26.40202,84.41008,5.720727,banana
86,79,45,27.81251,82.69285,5.807664,banana
117,86,53,25.1964,83.5583,5.703382,banana
111,79,53,28.31193,75.77364,6.165001,banana
95,74,50,25.90113,80.47153,6.002482,banana
91,75,55,27.48613,76.1124,6.212369,banana
93,83,46,29.38254,83.50424,5.765309,banana
92,85,51,29.22119,81.08184,5.740765,banana
104,80,54,27.09062,81.33507,5.879119,banana
103,72,51,26.12643,81.81365,6.099479,banana
92,75,45,29.01208,77.95193,5.674403,banana
93,85,49,27.96799,79.28626,5.694244,banana
120,87,52,28.07645,76.05522,5.905495,banana
108,72,46,25.16278,84.97849,6.110845,banana
105,88,54,25.7875,84.51194,6.020445,banana
98,79,50,25.3412,84.47321,6.435917,banana
111,88,55,29.44795,78.34972,5.505394,banana
97,74,45,26.47523,78.51834,5.67772,banana
95,82,48,27.3949,83.31172,5.719015,banana
89,91,55,25.08347,80.26173,6.275572,banana
89,85,55,26.67198,76.48542,6.275385,banana
118,88,51,25.44926,79.49222,6.201912,banana
101,92,45,28.22777,80.64304,5.758054,banana
99,92,47,28.12795,77.48247,6.323934,banana
82,77,46,28.94705,82.1889,5.901101,banana
90,86,55,27.96237,84.15404,5.644487,banana
95,88,52,28.00316,78.90086,6.235462,banana
104,73,46,29.14009,80.11902,6.282362,banana
102,73,52,27.91221,83.36308,6.356091,banana
100,74,52,25.43481,81.53978,5.837258,banana
94,89,48,28.55981,84.51602,5.653438,banana
99,70,46,26.59581,82.99557,5.72747,banana
112,87,48,27.19712,77.39706,6.200111,banana
117,82,45,25.29392,79.29122,5.614471,banana
96,86,51,29.90889,76.98741,6.25737,banana
113,85,45,27.94972,76.63713,6.037431,banana
105,93,46,25.01018,78.76261,5.760458,banana
85,89,51,29.21145,84.7019,6.158164,banana
108,94,47,27.35912,84.54625,6.387431,banana
92,81,52,28.01068,76.52808,5.891414,banana
110,71,54,28.67209,82.20794,5.725419,banana
82,75,55,27.34585,78.48738,6.28107,banana
117,81,53,29.50705,78.20586,5.507642,banana
2,40,27,29.7377,47.54885,5.954627,mango
39,24,31,33.55696,53.7298,4.757115,mango
21,26,27,27.00316,47.67525,5.699587,mango
25,22,25,33.5615,45.53557,5.977414,mango
0,21,32,35.89856,54.25964,6.430139,mango
20,19,35,34.1772,50.62162,6.113935,mango
19,21,34,30.01593,53.19212,5.074273,mango
18,17,31,31.74592,45.16128,5.667508,mango
11,36,33,35.9901,52.2278,5.978634,mango
30,28,30,31.86641,52.19332,5.064613,mango
18,19,27,27.75519,52.34606,4.772386,mango
23,23,27,34.72413,51.42718,5.161149,mango
37,30,34,27.53908,53.6355,6.797779,mango
11,27,30,27.69638,48.56225,6.394743,mango
12,19,31,27.25373,52.6632,5.566704,mango
3,28,33,30.33724,48.88705,5.75505,mango
37,38,32,31.85745,45.53106,5.417341,mango
26,37,30,35.39986,49.45963,6.166174,mango
14,18,30,29.80747,52.13798,5.191265,mango
40,16,35,34.16439,54.16482,4.95474,mango
4,20,25,28.9327,47.94054,5.664587,mango
36,25,33,27.98393,53.33019,5.548585,mango
30,17,31,31.20478,54.49961,6.804437,mango
28,37,28,32.1341,50.52559,6.09787,mango
38,15,30,28.91862,48.13975,5.075505,mango
12,37,30,31.09779,47.41197,4.546466,mango
38,19,31,34.73824,49.08864,5.855119,mango
8,33,29,29.9808,49.48613,6.442393,mango
15,27,28,33.80399,46.12866,4.507524,mango
34,16,25,30.07203,50.96041,6.107296,mango
11,36,31,27.92063,51.77966,6.475449,mango
33,29,34,31.40949,49.21729,6.83298,mango
12,31,26,35.78777,51.9419,5.395276,mango
12,34,28,33.3614,45.02236,6.135269,mango
5,16,31,35.96055,48.69678,4.555689,mango
1,30,29,28.33333,51.39587,6.434198,mango
16,35,31,32.27652,50.19369,5.316876,mango
35,18,26,31.9949,50.84881,5.279389,mango
4,40,26,27.58259,48.56916,6.720042,mango
9,29,34,29.38472,45.88745,5.727423,mango
2,38,33,32.38698,53.23282,4.691396,mango
26,32,32,30.91471,49.92964,6.810186,mango
34,38,31,35.37776,45.5811,6.454045,mango
5,32,33,32.32362,52.58968,5.842764,mango
31,29,26,28.22373,47.40519,5.024125,mango
34,34,35,27.27433,47.16808,6.422711,mango
36,19,32,27.10711,50.70881,4.94295,mango
7,17,26,34.89227,48.75613,6.414527,mango
38,15,27,33.74627,48.50388,6.777788,mango
5,19,25,27.35111,54.43945,6.441328,mango
37,36,26,32.893,52.61324,4.650536,mango
21,31,32,35.38599,51.42664,5.254532,mango
37,36,27,27.55297,47.90859,5.910635,mango
23,23,30,32.82141,47.45554,4.755274,mango
36,26,26,30.17294,51.08459,6.81463,mango
24,33,35,29.26383,54.82258,5.342866,mango
26,18,30,32.06097,51.08494,6.336235,mango
22,17,26,28.69818,47.71876,4.754435,mango
11,34,32,29.14305,49.40983,6.831707,mango
29,35,28,28.34716,53.53903,6.967418,mango
22,28,26,27.67256,45.41692,4.947683,mango
23,24,32,28.12181,46.16889,5.63062,mango
1,35,34,30.79376,46.69537,6.273398,mango
2,24,34,28.89409,54.8075,6.472775,mango
39,37,25,33.33025,45.61144,6.953247,mango
15,36,27,27.78912,53.96887,5.64371,mango
3,18,31,31.65333,48.20663,6.392314,mango
8,38,32,29.75151,46.73723,4.981817,mango
33,31,34,31.32996,50.22288,5.421265,mango
14,29,32,35.63627,48.97048,6.94252,mango
18,20,26,31.66525,51.98595,5.435841,mango
9,21,32,32.26935,53.56093,5.870116,mango
20,30,27,27.81006,51.59445,4.749104,mango
9,38,25,34.58561,50.34035,5.497947,mango
26,24,34,31.27181,52.2381,6.811291,mango
31,36,29,33.9368,52.7217,6.460543,mango
14,18,35,31.09154,47.02058,4.791147,mango
40,16,35,31.89356,49.0245,6.484152,mango
28,27,34,32.45465,50.69694,6.526654,mango
0,17,30,35.47478,47.97231,6.279134,mango
1,29,29,27.32961,49.30347,6.052026,mango
2,36,31,30.90225,49.95955,5.731719,mango
12,27,26,29.09382,45.56611,5.323072,mango
7,28,35,30.02086,46.78394,4.669108,mango
0,36,26,34.13072,51.25786,5.101206,mango
26,35,31,33.4462,53.0598,5.339557,mango
27,21,30,35.39155,52.48823,5.061082,mango
22,38,31,31.53356,53.06009,5.821106,mango
22,18,31,30.76455,47.93791,5.956027,mango
28,23,28,30.01821,50.09832,5.676033,mango
7,31,27,31.32864,47.5932,6.524114,mango
29,34,26,33.88005,54.39416,6.273954,mango
8,37,33,28.07803,54.96405,6.128168,mango
39,16,27,35.53845,52.94642,4.934965,mango
40,24,25,28.70595,50.4403,5.445008,mango
19,38,26,31.48452,48.77926,4.525722,mango
21,21,30,27.69819,51.41593,5.403908,mango
22,18,33,30.41236,52.48101,6.621624,mango
31,20,30,32.17752,54.01353,6.207496,mango
18,26,31,32.61126,47.74916,5.418475,mango
24,130,195,29.99677,81.54157,6.112306,grapes
13,144,204,30.72804,82.42614,6.092242,grapes
22,123,205,32.44578,83.88505,5.896343,grapes
36,125,196,37.46567,80.65969,6.155261,grapes
24,131,196,22.03296,83.74373,5.732454,grapes
2,123,198,39.64852,82.2108,6.253035,grapes
35,140,197,16.77557,82.75242,6.106191,grapes
11,122,195,12.14191,83.56812,5.647202,grapes
6,123,203,12.7568,81.62497,6.13031,grapes
17,134,204,39.04072,80.18393,6.499605,grapes
25,130,197,39.70772,82.68593,5.554832,grapes
27,145,205,9.46796,82.29335,5.800243,grapes
9,122,201,29.58748,80.91934,5.570291,grapes
16,139,203,17.82804,80.96093,6.275641,grapes
32,141,204,8.825675,82.89754,5.536646,grapes
22,138,195,27.83487,83.51445,6.208197,grapes
31,144,202,11.02105,80.55557,5.870601,grapes
3,136,205,17.58629,80.84807,6.334771,grapes
28,122,197,19.89364,82.73366,5.856575,grapes
4,136,204,29.93708,81.77713,5.898944,grapes
39,145,201,36.73127,80.58932,5.7756,grapes
38,132,197,20.42095,81.54185,5.931102,grapes
36,133,198,25.5194,83.98352,6.228645,grapes
25,121,201,30.50735,82.71776,5.594241,grapes
15,125,199,18.42699,80.55626,5.56923,grapes
24,140,205,12.08702,83.59399,5.932029,grapes
13,132,203,23.60115,82.48337,6.423217,grapes
5,126,197,12.8,81.20876,6.417501,grapes
30,120,200,38.06099,82.2473,6.234904,grapes
23,142,197,39.06556,82.03813,6.000574,grapes
26,135,203,33.78373,81.16314,5.685103,grapes
7,126,203,16.76202,82.00336,5.66214,grapes
32,139,198,35.89308,82.66851,6.358187,grapes
9,141,202,21.01245,81.17932,6.119495,grapes
20,142,196,10.89876,80.01639,6.207601,grapes
32,129,201,16.36252,83.00472,6.487546,grapes
3,134,199,20.2837,81.32236,5.817178,grapes
38,138,204,25.11108,83.25448,6.32548,grapes
14,131,198,33.46412,83.86743,5.562791,grapes
20,122,204,11.79765,80.86325,6.48737,grapes
40,126,201,11.36301,80.031,6.116983,grapes
36,128,204,25.23542,80.68701,5.695793,grapes
11,132,197,15.99051,81.23967,5.734317,grapes
0,137,195,22.4359,80.18612,6.3295,grapes
19,123,200,34.76086,81.03545,6.167014,grapes
31,136,197,31.11047,83.34011,5.653776,grapes
4,134,200,28.57829,80.95629,5.840256,grapes
39,139,201,41.18665,81.01783,5.539981,grapes
8,127,196,27.02766,83.17094,5.833302,grapes
39,138,203,21.19339,82.33098,6.399434,grapes
32,120,204,10.38005,83.44518,6.138959,grapes
12,142,203,31.3116,82.56407,5.972851,grapes
8,133,195,20.46658,80.97598,6.45608,grapes
8,139,199,29.36948,81.53996,6.336427,grapes
21,134,202,10.72302,80.02131,6.42542,grapes
40,140,195,14.97847,80.4998,6.294396,grapes
39,127,202,15.32467,81.67216,6.477768,grapes
19,120,195,18.73932,81.12109,5.931538,grapes
21,139,201,19.36426,83.36094,5.980599,grapes
17,136,195,41.20734,81.61051,6.389783,grapes
33,139,203,33.34214,82.51035,5.693287,grapes
22,133,201,23.81996,80.12212,6.002996,grapes
32,130,196,40.66012,81.24996,6.37296,grapes
37,135,205,11.82768,80.28272,5.510925,grapes
15,140,195,13.28504,83.54194,5.699453,grapes
39,132,196,35.83089,83.3256,5.778594,grapes
40,121,199,26.1816,81.03886,6.315586,grapes
40,132,202,24.57558,80.70696,5.971813,grapes
29,142,203,29.67229,83.71499,5.891196,grapes
32,121,199,39.37103,81.25354,6.129813,grapes
6,140,205,17.66558,82.92903,6.313086,grapes
8,120,196,24.06679,82.66397,6.053663,grapes
34,133,202,15.31413,80.09711,5.804799,grapes
35,135,199,21.77467,80.54943,6.40072,grapes
16,145,199,26.91625,80.76839,5.953966,grapes
8,136,201,41.65603,82.22118,5.609256,grapes
25,129,195,17.98668,81.17712,5.777271,grapes
16,130,201,29.12034,82.79093,5.682395,grapes
39,129,203,34.38922,83.18393,5.863997,grapes
38,135,203,41.36106,82.79783,6.444373,grapes
33,120,205,35.12158,82.26891,5.550832,grapes
35,125,204,19.64918,80.15216,6.107742,grapes
1,132,200,16.27853,82.9427,5.620746,grapes
39,140,203,21.11904,80.63399,6.349876,grapes
28,145,202,19.20777,82.90428,6.484323,grapes
6,128,200,25.96308,82.57814,5.838748,grapes
6,139,199,25.67385,81.62121,6.290998,grapes
29,122,196,41.94866,81.15595,5.638328,grapes
37,144,197,11.18994,80.80843,6.415556,grapes
38,120,197,17.54383,82.94703,6.323723,grapes
38,141,198,13.0581,80.28298,5.75701,grapes
14,121,203,9.724458,83.74766,6.158689,grapes
6,125,204,27.92005,82.93262,5.73354,grapes
32,138,197,9.535586,80.73113,5.908724,grapes
11,124,204,13.42989,80.06634,6.361141,grapes
23,138,200,9.851243,80.22632,5.965379,grapes
40,143,201,24.97256,82.72829,6.476758,grapes
6,142,202,27.23708,82.94573,6.224543,grapes
37,124,195,18.70679,83.47953,6.209928,grapes
35,134,204,9.949929,82.55139,5.841138,grapes
119,25,51,26.4733,80.92254,6.283818,watermelon
119,19,55,25.1878,83.44622,6.818261,watermelon
105,30,50,25.29955,81.77528,6.376201,watermelon
114,8,50,24.74631,88.30866,6.581588,watermelon
93,22,52,26.58741,81.32563,6.93274,watermelon
80,26,55,24.53443,88.98927,6.140099,watermelon
85,27,45,26.07138,88.72857,6.467096,watermelon
85,22,53,25.96534,89.77077,6.849472,watermelon
82,22,45,26.22338,85.34866,6.512196,watermelon
118,13,54,24.41312,89.81574,6.039585,watermelon
83,25,53,26.49195,80.04678,6.057697,watermelon
86,15,47,24.04356,84.18407,6.423899,watermelon
101,10,47,25.54217,83.31883,6.936998,watermelon
119,9,50,26.74551,83.91959,6.251287,watermelon
104,17,46,25.71314,80.22973,6.190016,watermelon
95,12,51,25.76484,84.1727,6.681607,watermelon
102,14,52,26.7949,89.64815,6.51076,watermelon
109,21,55,24.90046,89.73524,6.770278,watermelon
81,18,50,26.80751,88.22875,6.429788,watermelon
103,17,51,25.11189,80.02621,6.209888,watermelon
105,14,50,26.21488,87.6884,6.419052,watermelon
97,8,52,24.91032,86.9719,6.237862,watermelon
120,19,49,25.79449,84.26831,6.762472,watermelon
95,16,55,25.26931,87.55055,6.612848,watermelon
83,29,52,25.76403,87.59311,6.704689,watermelon
83,9,45,25.85484,89.13164,6.04961,watermelon
91,21,50,24.33528,81.4403,6.76203,watermelon
116,5,54,25.37601,80.99314,6.653987,watermelon
112,28,54,24.86095,85.05319,6.738031,watermelon
88,29,51,24.71885,88.94568,6.09569,watermelon
118,15,45,24.21496,84.20577,6.538006,watermelon
92,21,48,25.81692,82.04326,6.377427,watermelon
106,14,45,24.47019,84.1639,6.417012,watermelon
99,5,47,24.13079,84.84495,6.649087,watermelon
98,8,51,26.17935,86.52258,6.259336,watermelon
108,22,46,26.17669,86.72952,6.121169,watermelon
119,7,55,26.03868,84.63784,6.031424,watermelon
117,27,48,26.53259,82.39054,6.835268,watermelon
109,10,53,26.81939,87.82746,6.55175,watermelon
80,16,46,25.50406,81.40297,6.940236,watermelon
100,18,52,26.20234,80.38266,6.876067,watermelon
91,7,53,25.13736,89.28273,6.457217,watermelon
86,6,53,25.9203,83.47203,6.921848,watermelon
107,5,52,26.66346,89.98405,6.881426,watermelon
103,16,49,24.06731,81.64075,6.915717,watermelon
101,20,48,24.67742,82.75411,6.206247,watermelon
85,25,47,26.1144,87.64081,6.295425,watermelon
84,7,51,26.8153,87.65694,6.399669,watermelon
102,28,54,25.15623,80.27525,6.862157,watermelon
98,25,52,25.28014,83.15394,6.224066,watermelon
97,25,50,26.22006,80.90127,6.093815,watermelon
90,16,45,24.92093,80.61751,6.29154,watermelon
95,12,46,26.21668,81.01009,6.322817,watermelon
82,23,49,26.81384,87.21987,6.873284,watermelon
82,25,51,24.31335,87.47409,6.07421,watermelon
110,28,46,24.29105,88.04541,6.498896,watermelon
118,21,51,24.42999,86.33905,6.678805,watermelon
120,20,45,25.66576,88.69842,6.114129,watermelon
91,7,52,25.07804,83.4623,6.405054,watermelon
81,6,55,24.88911,85.87059,6.110143,watermelon
101,13,54,25.42901,82.91482,6.828983,watermelon
101,17,55,24.37118,87.12691,6.4515,watermelon
111,6,53,26.49306,88.59143,6.313513,watermelon
107,10,49,25.83203,89.00482,6.755192,watermelon
115,11,46,24.41593,89.39656,6.623167,watermelon
84,25,52,24.3719,81.25148,6.125324,watermelon
120,7,47,24.24782,83.03688,6.653868,watermelon
91,12,46,24.64458,85.49938,6.343943,watermelon
89,22,52,24.89681,86.10783,6.217301,watermelon
113,19,46,25.41864,81.12123,6.286388,watermelon
97,22,50,26.26029,86.14586,6.769894,watermelon
117,30,50,24.90124,87.20773,6.744966,watermelon
90,14,52,24.84741,89.20455,6.391858,watermelon
104,23,47,26.98213,86.70068,6.770434,watermelon
81,16,45,26.90436,86.25426,6.727468,watermelon
88,5,47,25.86475,86.67468,6.662245,watermelon
92,7,45,26.70608,81.1415,6.94464,watermelon
81,18,50,26.44019,80.91934,6.507111,watermelon
111,5,55,26.28344,84.42479,6.520663,watermelon
108,23,51,26.84366,83.8504,6.106501,watermelon
113,30,50,26.03967,83.98624,6.277484,watermelon
83,10,53,24.92995,85.00802,6.195142,watermelon
101,11,51,25.50737,84.2434,6.792036,watermelon
114,21,55,25.44384,87.93923,6.472756,watermelon
99,6,45,26.12589,86.55079,6.000976,watermelon
92,20,55,25.10475,87.52676,6.587791,watermelon
92,7,48,26.27521,86.6325,6.956509,watermelon
91,24,55,26.27062,83.09195,6.259087,watermelon
110,21,54,26.73691,87.8243,6.747538,watermelon
112,25,51,25.04747,85.56673,6.932537,watermelon
89,25,54,24.69369,85.56968,6.353107,watermelon
100,10,53,24.54357,84.60808,6.211749,watermelon
83,22,54,25.89762,81.96665,6.277245,watermelon
95,14,50,26.63331,84.31757,6.560444,watermelon
119,30,49,25.35795,80.45846,6.90302,watermelon
97,12,47,25.28785,89.63668,6.765095,watermelon
110,7,45,26.63839,84.69547,6.189214,watermelon
96,18,50,25.33104,84.30534,6.904242,watermelon
83,23,55,26.8975,83.89241,6.463271,watermelon
120,24,47,26.98604,89.41385,6.260839,watermelon
115,17,55,27.57827,94.11878,6.776533,muskmelon
114,27,48,27.82055,93.03555,6.528404,muskmelon
101,25,52,29.0991,94.22238,6.750146,muskmelon
118,18,52,28.04944,90.83131,6.562833,muskmelon
95,26,45,29.91691,94.55696,6.11753,muskmelon
81,25,49,29.86896,93.25103,6.07646,muskmelon
117,24,53,29.17221,92.21405,6.293486,muskmelon
114,30,51,29.24909,90.06998,6.069172,muskmelon
113,6,52,27.76317,90.35568,6.740984,muskmelon
108,26,52,28.82629,94.26765,6.201798,muskmelon
81,30,48,28.5238,92.09688,6.041027,muskmelon
115,9,52,29.06785,90.97686,6.019372,muskmelon
83,7,45,29.08418,90.73892,6.704104,muskmelon
84,21,55,28.47091,94.79453,6.494251,muskmelon
109,26,45,28.27974,90.38971,6.224535,muskmelon
95,27,55,28.47213,91.21322,6.160414,muskmelon
119,5,55,29.68847,94.30112,6.168758,muskmelon
110,14,51,27.02415,91.66738,6.085445,muskmelon
82,18,48,29.09588,94.16748,6.159051,muskmelon
87,14,48,29.69239,92.58863,6.606033,muskmelon
85,9,53,28.20619,92.86799,6.447663,muskmelon
100,6,53,29.05248,93.92218,6.10591,muskmelon
107,12,46,29.5724,93.6187,6.559763,muskmelon
91,13,47,29.10968,92.43511,6.144109,muskmelon
102,25,50,28.20481,92.9144,6.099662,muskmelon
117,25,53,29.11859,92.12543,6.413927,muskmelon
85,21,52,29.62801,90.10052,6.075144,muskmelon
104,25,55,29.81197,90.36881,6.123803,muskmelon
102,24,54,27.72338,90.93898,6.698469,muskmelon
116,25,50,29.26093,92.92368,6.088886,muskmelon
100,17,48,29.72791,94.29753,6.367801,muskmelon
110,25,54,28.91106,90.78414,6.425931,muskmelon
104,25,51,28.96361,93.88482,6.469983,muskmelon
107,11,54,28.59052,91.33617,6.094016,muskmelon
98,26,52,27.33898,90.69759,6.150091,muskmelon
88,17,52,29.90416,90.75284,6.646962,muskmelon
87,25,46,27.42712,90.02696,6.379691,muskmelon
120,8,46,29.55658,90.70937,6.732834,muskmelon
95,13,46,29.84071,93.76313,6.12602,muskmelon
108,22,47,28.53546,91.72743,6.161124,muskmelon
82,13,52,27.11535,94.86908,6.44281,muskmelon
120,23,55,27.84493,91.60667,6.732049,muskmelon
110,22,47,29.03157,91.82173,6.243674,muskmelon
95,23,45,27.82424,90.56699,6.266209,muskmelon
106,10,49,27.72653,92.00688,6.350624,muskmelon
99,12,52,28.69708,94.3076,6.002927,muskmelon
106,20,51,29.7302,90.97016,6.342573,muskmelon
83,11,53,29.54097,92.91778,6.163921,muskmelon
117,19,55,28.80312,91.78337,6.121745,muskmelon
98,26,49,27.29036,90.5333,6.13016,muskmelon
113,20,48,27.46584,94.87679,6.440585,muskmelon
101,17,47,29.49401,94.72981,6.185053,muskmelon
98,7,45,27.79162,92.51055,6.157725,muskmelon
93,22,48,29.12534,91.52291,6.776988,muskmelon
95,21,47,27.93114,93.56161,6.431971,muskmelon
109,12,48,29.45772,92.12535,6.708744,muskmelon
118,12,47,27.96872,92.17445,6.01074,muskmelon
100,14,49,29.48883,91.07574,6.365957,muskmelon
89,9,47,29.47156,90.7707,6.668383,muskmelon
95,16,46,27.07673,90.14363,6.746695,muskmelon
95,7,45,27.30009,90.80015,6.031666,muskmelon
87,6,45,29.82729,90.79007,6.400772,muskmelon
93,20,50,29.93061,93.22981,6.448793,muskmelon
84,29,49,29.94349,93.90741,6.25142,muskmelon
111,5,47,28.03306,91.47356,6.274453,muskmelon
111,5,52,29.88431,94.03711,6.135996,muskmelon
111,15,54,27.70584,92.91186,6.19409,muskmelon
89,11,47,29.78714,94.65344,6.327823,muskmelon
110,15,48,28.5782,92.86597,6.212567,muskmelon
95,30,52,29.4807,90.33699,6.640471,muskmelon
115,12,52,27.51492,94.96219,6.685553,muskmelon
120,25,50,28.05458,94.81637,6.32721,muskmelon
102,11,45,29.03167,93.12603,6.355443,muskmelon
94,5,55,28.58546,91.89217,6.085682,muskmelon
84,18,46,27.08808,93.42402,6.78105,muskmelon
107,22,54,27.99612,90.8466,6.630301,muskmelon
80,18,52,27.87317,91.1485,6.4848,muskmelon
86,18,45,28.96587,90.71833,6.566759,muskmelon
113,28,48,28.87726,92.4884,6.170521,muskmelon
115,18,53,29.17052,94.1979,6.01248,muskmelon
82,20,54,29.34034,90.01506,6.54115,muskmelon
98,22,47,29.07265,91.91533,6.341401,muskmelon
117,25,54,28.68276,92.50969,6.150686,muskmelon
83,15,49,28.92706,91.39357,6.438008,muskmelon
120,16,51,27.99902,91.64193,6.547042,muskmelon
111,5,50,27.5935,91.79743,6.399891,muskmelon
85,21,47,29.87331,90.60932,6.18677,muskmelon
90,23,54,28.55852,90.45773,6.159021,muskmelon
99,29,55,29.19379,91.46241,6.660955,muskmelon
102,11,47,27.98781,92.78226,6.504907,muskmelon
80,18,51,28.05381,91.81759,6.706053,muskmelon
87,21,52,27.35063,94.2912,6.067665,muskmelon
114,8,52,29.34081,94.55135,6.419083,muskmelon
99,6,46,28.61475,94.22253,6.396379,muskmelon
89,25,50,27.04864,91.34685,6.375923,muskmelon
96,13,55,29.52753,94.57459,6.700338,muskmelon
82,26,47,28.50416,93.46806,6.565313,muskmelon
106,21,52,28.89579,94.78993,6.286515,muskmelon
90,15,52,27.04927,91.38217,6.448062,muskmelon
106,16,54,28.96018,91.69532,6.585873,muskmelon
24,128,196,22.75089,90.69489,5.521467,apple
7,144,197,23.8494,94.34815,6.133221,apple
14,128,205,22.60801,94.58901,6.22629,apple
8,120,201,21.18667,91.13436,6.321152,apple
20,129,201,23.41045,91.69913,5.587906,apple
32,137,204,22.86007,93.1286,5.824152,apple
27,139,205,22.48403,93.40819,5.77218,apple
0,123,205,22.02775,92.96129,5.790993,apple
22,144,196,21.91191,91.68748,6.499227,apple
1,124,199,23.71059,93.27392,5.658474,apple
30,122,197,21.37785,92.72044,5.573241,apple
29,121,196,22.84853,94.3213,6.079497,apple
13,126,204,23.10943,92.79631,6.38318,apple
9,139,199,23.25231,94.54128,5.867421,apple
0,133,200,23.67288,90.49356,5.708419,apple
30,143,199,23.76882,90.5981,5.798351,apple
36,140,198,23.34386,91.47685,6.281884,apple
37,137,199,22.63946,90.18452,5.697946,apple
33,121,203,22.45697,94.76285,5.605934,apple
7,144,195,22.96388,93.58066,5.856481,apple
35,128,205,21.07273,93.56586,6.041054,apple
29,128,198,22.44075,92.70785,5.685062,apple
2,143,196,22.71271,90.45262,5.669489,apple
34,140,198,21.70417,93.44006,5.751707,apple
29,144,204,22.43325,92.48668,5.800449,apple
32,141,203,21.25941,92.84416,5.821348,apple
13,144,197,22.92157,94.89613,6.280223,apple
25,143,198,22.81213,91.51862,6.027314,apple
9,137,200,21.12152,90.68788,5.636687,apple
6,144,198,21.11479,90.31529,5.559364,apple
37,126,196,23.59997,90.97598,5.596449,apple
2,120,203,23.12653,94.71203,5.893493,apple
11,143,197,22.98459,93.32045,5.875719,apple
10,141,201,22.12659,90.97818,6.386021,apple
24,142,202,22.5378,91.48136,5.71082,apple
23,138,195,22.49095,91.70293,5.795986,apple
18,125,204,22.35548,94.47812,6.046674,apple
13,121,196,22.20701,93.50574,6.443383,apple
26,122,202,22.44517,94.73764,5.617227,apple
28,123,202,22.76643,92.12439,6.442289,apple
26,121,201,22.19109,90.02575,6.162034,apple
21,137,196,23.61192,91.70294,5.812782,apple
21,135,198,23.86087,94.92048,5.765015,apple
5,144,205,21.42177,92.62665,6.184923,apple
2,123,205,22.36629,90.78572,5.739652,apple
15,133,199,23.99686,91.61002,5.824779,apple
31,130,198,21.8013,92.73447,5.554824,apple
25,143,200,23.80436,92.80442,6.024249,apple
16,143,204,23.71475,91.53331,5.631333,apple
19,122,202,23.34467,90.37981,5.811975,apple
10,125,196,22.31254,90.03577,5.730557,apple
20,139,202,23.50201,92.21084,5.669991,apple
28,123,198,23.4626,91.45665,5.682751,apple
28,136,200,23.06204,92.39544,6.245859,apple
2,131,199,22.47421,91.2276,6.01737,apple
2,140,197,22.6978,92.82223,5.534567,apple
27,138,201,23.66682,93.90191,5.952368,apple
30,127,204,22.5005,92.45878,6.126437,apple
32,145,203,23.83054,90.84422,6.406819,apple
29,139,205,23.64142,93.74461,6.155939,apple
26,126,195,21.41364,92.99125,5.878569,apple
40,136,202,22.85267,94.57646,5.935336,apple
6,124,200,22.98208,93.84505,5.971332,apple
35,138,200,21.1991,90.80819,5.671306,apple
17,136,196,23.87192,90.49939,5.882156,apple
33,134,205,21.03653,94.3392,6.085519,apple
16,143,197,22.61712,93.51978,5.904026,apple
27,120,200,21.45279,90.74532,6.110219,apple
29,145,205,22.81228,92.12992,6.212303,apple
3,141,197,21.98142,91.12719,6.142803,apple
15,123,204,22.52709,92.5478,6.365973,apple
5,136,195,22.35629,91.9236,6.264203,apple
10,136,204,21.19852,92.15595,6.276199,apple
7,141,195,23.88125,93.45068,5.514253,apple
2,129,201,22.78234,94.36804,5.682344,apple
29,138,197,22.19055,92.43764,5.830892,apple
30,137,200,22.9143,90.70476,5.603413,apple
29,132,204,23.08951,90.22507,6.096753,apple
14,139,197,21.72485,92.83976,6.05653,apple
18,125,203,22.44308,91.59234,6.160267,apple
33,143,204,21.13161,91.9577,5.814435,apple
40,144,196,22.71751,92.2548,5.987263,apple
9,143,197,23.75033,92.8816,5.570021,apple
38,135,203,23.76122,93.66164,5.965551,apple
28,130,196,22.13451,94.67696,6.062356,apple
35,142,203,21.17089,90.2373,5.895319,apple
12,129,205,22.36238,91.15762,6.119432,apple
1,135,203,22.77857,92.70124,5.624203,apple
0,145,205,21.22503,90.09878,5.520783,apple
31,121,201,23.15791,90.34397,5.731535,apple
35,131,203,22.42776,93.91722,5.893491,apple
29,140,195,23.64083,90.95258,5.560521,apple
33,138,198,22.29423,90.69034,6.222391,apple
14,140,197,23.35225,90.90055,6.071255,apple
35,145,195,22.03912,94.58076,6.23195,apple
40,120,197,23.80594,92.48879,5.889481,apple
25,132,198,22.31944,90.85174,5.732758,apple
31,137,196,22.14464,93.82567,6.400321,apple
36,144,196,23.65168,94.50529,6.496934,apple
10,140,197,22.16939,90.27186,6.229499,apple
22,30,12,15.78144,92.51078,6.354007,orange
37,6,13,26.03097,91.50819,7.511755,orange
27,13,6,13.36051,91.35608,7.335158,orange
7,16,9,18.87958,92.04304,7.813917,orange
20,7,9,29.47742,91.57803,7.129137,orange
26,27,10,28.06903,92.91487,6.079998,orange
5,23,15,25.66901,92.04671,7.408939,orange
0,18,14,29.77149,92.0072,7.207991,orange
39,24,14,30.55473,90.90344,7.18926,orange
13,23,6,23.96148,90.26408,7.365338,orange
21,17,15,23.9829,91.54731,7.455991,orange
33,12,8,25.26053,90.31154,6.822282,orange
6,9,12,31.08369,90.14363,7.028746,orange
19,7,10,14.78003,91.22062,6.11843,orange
24,18,6,26.56608,94.4524,6.285313,orange
9,11,8,24.85903,94.39,6.559237,orange
31,8,7,34.51465,93.63813,7.163246,orange
22,17,5,24.12189,90.72352,6.945563,orange
13,5,8,23.8534,90.10523,7.474711,orange
16,8,9,24.60298,91.28409,7.60119,orange
4,13,6,15.63211,94.25966,7.561143,orange
0,25,14,19.33517,91.97979,6.361671,orange
8,7,10,28.26205,91.98317,6.929216,orange
4,23,5,22.67594,93.36349,7.477935,orange
33,14,8,21.032,92.9642,7.68442,orange
30,7,15,33.23453,91.06054,7.825532,orange
21,29,12,22.30319,92.15987,6.438669,orange
11,14,5,11.50323,94.89332,6.946355,orange
9,8,15,14.3432,94.35735,7.994465,orange
5,18,14,33.1057,93.48447,7.434119,orange
29,25,14,30.49184,90.45829,7.781989,orange
33,12,15,30.25578,92.03273,6.052318,orange
8,16,6,12.22816,90.26457,7.10665,orange
15,14,8,10.01081,90.22399,6.220943,orange
16,7,8,22.79197,90.60902,6.420457,orange
0,12,7,20.18432,90.65458,6.96925,orange
5,25,6,30.7212,94.01332,6.011302,orange
6,8,11,24.35591,92.39652,6.600949,orange
10,5,5,21.21307,91.35349,7.817846,orange
1,17,6,10.7869,91.38412,6.819827,orange
1,30,10,11.89926,91.34664,7.291406,orange
0,23,15,22.56664,93.37489,7.598729,orange
24,27,9,18.86883,93.24688,6.157135,orange
36,11,13,17.34084,93.04897,7.191727,orange
40,21,8,34.90665,92.8782,7.418762,orange
40,22,6,24.5361,91.90997,6.488221,orange
32,18,13,13.83773,91.7478,6.044167,orange
9,10,10,22.3551,93.52212,6.010392,orange
13,16,8,34.74005,93.12317,6.949839,orange
15,9,11,11.54786,94.14861,7.907956,orange
29,11,5,23.13339,91.9467,7.639788,orange
1,15,9,29.98365,94.5524,7.533509,orange
18,5,11,20.87947,90.93756,6.251587,orange
14,22,9,17.24945,91.13773,6.543192,orange
33,15,7,15.83389,91.68294,7.651225,orange
4,6,7,23.01014,91.11764,6.70889,orange
17,16,14,16.39624,92.18152,6.625539,orange
12,20,10,24.45133,93.10528,6.528355,orange
34,29,8,31.87859,91.15248,6.45064,orange
39,28,10,31.3492,91.48248,7.181908,orange
31,25,12,18.05142,90.0397,7.016482,orange
12,6,8,30.84835,92.86774,6.388617,orange
12,29,13,22.45617,91.52782,7.571254,orange
26,11,11,13.70319,90.95589,7.609348,orange
19,24,15,20.48955,93.72485,7.137137,orange
39,21,9,13.20844,94.02769,6.354023,orange
16,29,13,32.31944,93.67805,6.196908,orange
36,29,13,20.68185,90.91511,7.829507,orange
37,23,12,31.52676,90.50622,6.395258,orange
39,9,15,25.35468,91.81183,7.992042,orange
31,5,14,17.66545,91.69866,6.583412,orange
18,12,8,12.59094,91.81669,6.206053,orange
20,20,10,11.86632,93.68395,6.976998,orange
5,8,5,11.03368,92.22707,6.562595,orange
20,8,12,25.29904,94.9642,7.260416,orange
25,21,11,32.23798,90.15407,6.460045,orange
14,19,14,17.68409,94.35815,6.699165,orange
37,18,12,10.27089,90.19148,7.401122,orange
26,15,6,17.22035,94.78797,6.912033,orange
13,22,5,19.66706,90.50097,7.76404,orange
32,25,9,10.3561,93.75652,7.796034,orange
19,7,9,27.25544,91.71369,6.969883,orange
28,7,9,34.59178,92.1323,6.730758,orange
24,30,11,32.39524,94.51768,6.601396,orange
7,17,10,10.16431,91.22321,6.465913,orange
18,23,8,21.49119,93.4395,6.413548,orange
7,20,12,16.5346,94.7676,6.475275,orange
20,23,11,31.85207,90.1222,6.407716,orange
18,14,11,28.048,90.00622,6.550814,orange
34,11,10,31.75049,94.59551,7.362208,orange
20,29,10,29.07413,93.27189,7.365492,orange
37,24,13,19.14382,90.71037,7.854624,orange
12,8,10,16.1482,91.4448,7.995849,orange
34,10,14,34.05297,92.05812,6.725601,orange
6,13,9,34.51424,90.56151,7.786725,orange
27,30,5,32.71749,90.54608,7.656978,orange
13,8,12,25.16297,92.54736,7.105905,orange
6,7,7,27.68167,94.47317,7.199106,orange
40,17,15,21.35093,90.9493,7.871063,orange
31,26,9,11.69895,93.25639,7.566166,orange
61,68,50,35.21463,91.49725,6.793245,papaya
58,46,45,42.39413,90.79028,6.576261,papaya
45,47,55,38.41916,91.1422,6.751453,papaya
39,65,53,35.33295,92.11509,6.560743,papaya
31,68,45,42.92325,90.07601,6.938313,papaya
70,68,45,33.83509,92.8547,6.991626,papaya
68,62,50,33.20258,92.76438,6.9777,papaya
34,65,47,23.48547,93.71044,6.833769,papaya
38,68,54,29.33711,90.81781,6.73917,papaya
69,64,47,40.21199,94.50767,6.993473,papaya
58,51,47,42.13474,91.70445,6.757471,papaya
59,47,53,32.86317,91.46189,6.850663,papaya
44,64,54,29.80744,91.38048,6.742749,papaya
56,57,48,31.56214,93.04849,6.506121,papaya
69,60,54,36.32268,93.06134,6.989927,papaya
56,58,49,37.13165,94.60762,6.692156,papaya
49,55,53,38.44187,93.63739,6.54403,papaya
38,51,52,32.66161,90.78932,6.927804,papaya
54,65,47,27.92766,91.55594,6.721836,papaya
57,57,51,39.01793,91.48816,6.992234,papaya
39,52,53,32.51247,94.65904,6.704204,papaya
58,67,45,38.72383,91.72515,6.702425,papaya
61,64,52,43.30205,92.83405,6.641099,papaya
34,62,55,27.58549,90.72527,6.585346,papaya
31,48,45,40.78882,92.90951,6.563135,papaya
47,46,52,23.19451,91.40302,6.502289,papaya
32,68,52,32.68067,92.61716,6.800321,papaya
36,59,46,34.28879,93.61083,6.721131,papaya
61,51,51,39.3005,94.16193,6.574678,papaya
70,54,46,39.73149,91.12221,6.919342,papaya
44,56,49,39.23342,91.25589,6.51978,papaya
34,68,51,27.34735,94.17757,6.687088,papaya
50,59,47,40.76999,92.09279,6.747976,papaya
39,70,52,26.2656,90.79668,6.651491,papaya
34,61,49,28.12971,93.32107,6.502675,papaya
44,60,55,34.28046,90.55562,6.825371,papaya
31,62,52,33.79602,93.00754,6.991041,papaya
65,62,51,31.53244,90.87395,6.511625,papaya
44,57,53,42.30496,90.51432,6.931721,papaya
50,47,48,24.63677,90.61964,6.712772,papaya
43,50,48,28.28223,91.3706,6.630165,papaya
60,46,53,24.48621,92.98255,6.761953,papaya
70,68,55,42.84609,94.63548,6.691202,papaya
59,62,52,43.67549,93.10887,6.608668,papaya
60,58,51,42.07214,92.92203,6.840802,papaya
42,60,47,33.46874,92.12746,6.834808,papaya
35,66,47,31.70184,91.66232,6.953439,papaya
34,65,48,41.41968,90.03863,6.665025,papaya
36,54,46,42.54744,94.94482,6.662876,papaya
39,64,52,28.91842,94.63677,6.678696,papaya
37,52,47,43.08023,93.90306,6.542777,papaya
33,47,46,29.20301,93.96834,6.839444,papaya
34,48,48,41.04224,91.37258,6.805277,papaya
49,54,50,25.62447,93.1824,6.762522,papaya
40,65,49,35.32876,91.06139,6.678449,papaya
68,52,49,24.42561,92.27749,6.577192,papaya
50,46,52,31.18298,90.21647,6.734006,papaya
65,63,50,31.88343,91.32565,6.524459,papaya
40,49,47,42.93369,91.17567,6.501521,papaya
42,53,48,23.11408,94.31995,6.75848,papaya
49,55,51,24.87212,93.9056,6.676579,papaya
59,62,49,43.36052,93.35192,6.941497,papaya
63,58,47,26.83054,90.7538,6.864144,papaya
70,65,52,30.42012,93.1266,6.583529,papaya
63,50,52,28.64556,93.22643,6.751748,papaya
40,64,47,32.50038,93.47889,6.893509,papaya
63,58,50,43.03714,94.64289,6.720744,papaya
45,58,49,30.10773,90.34546,6.827813,papaya
66,69,47,23.69212,93.61056,6.9123,papaya
54,67,52,35.67667,93.30642,6.586107,papaya
69,67,52,27.71949,94.43877,6.827306,papaya
67,68,49,35.26825,92.38283,6.821775,papaya
45,57,47,23.16856,90.78821,6.656459,papaya
56,50,52,33.08706,92.25198,6.770385,papaya
70,50,53,37.46209,90.44968,6.93381,papaya
44,47,45,38.73219,94.73613,6.579441,papaya
50,60,47,32.57721,92.74889,6.927918,papaya
52,51,53,38.38231,93.10379,6.985804,papaya
35,68,45,42.93605,90.09448,6.61243,papaya
68,69,52,25.65492,92.74502,6.813383,papaya
32,55,52,37.589,91.9974,6.96776,papaya
32,55,51,29.60719,93.15643,6.57398,papaya
48,62,47,25.34756,93.02871,6.803095,papaya
39,69,53,25.93004,93.02358,6.964955,papaya
49,61,45,32.76796,94.57377,6.764213,papaya
48,57,54,29.02328,90.20397,6.617703,papaya
69,66,49,40.00439,90.17016,6.52711,papaya
53,55,55,33.32316,91.25271,6.709669,papaya
38,61,52,31.2279,94.94021,6.62073,papaya
57,64,55,26.68386,92.95854,6.58376,papaya
51,57,55,24.70528,90.14732,6.676407,papaya
56,65,45,38.20168,93.9738,6.751299,papaya
54,66,52,36.5677,93.79503,6.867554,papaya
58,55,47,26.05376,93.69112,6.74249,papaya
68,70,54,31.29986,92.76039,6.986229,papaya
42,59,55,40.10208,94.3511,6.979102,papaya
43,64,47,38.58954,91.58077,6.825665,papaya
35,67,49,41.3133,91.15088,6.617067,papaya
56,59,55,37.03552,91.7943,6.551893,papaya
39,64,53,23.0124,91.07356,6.59886,papaya
18,30,29,26.76275,92.86057,6.420019,coconut
37,23,28,25.61294,94.31388,5.740055,coconut
13,28,33,28.13012,95.64808,5.686973,coconut
2,21,35,25.02887,91.53721,6.293662,coconut
10,18,35,27.79798,99.64573,6.381975,coconut
7,11,32,29.25903,95.11295,5.542169,coconut
39,5,31,27.10135,93.6998,5.551963,coconut
34,6,27,25.84726,90.92669,5.86074,coconut
31,30,29,26.5858,90.98618,5.558807,coconut
25,7,35,28.38504,99.18844,5.557712,coconut
16,18,26,28.43647,91.81321,5.568366,coconut
26,10,33,28.27298,96.93649,6.070718,coconut
27,8,32,27.00648,96.46169,5.627861,coconut
37,18,30,27.63551,99.34855,6.384884,coconut
19,15,34,26.29645,99.65809,5.685889,coconut
0,19,33,27.1326,95.23798,6.234458,coconut
31,20,26,25.56568,97.61362,6.443169,coconut
9,17,32,25.94952,93.40549,5.842318,coconut
22,11,29,28.03381,95.01631,5.955743,coconut
31,6,26,29.12859,91.30925,5.741367,coconut
34,6,30,27.08283,97.00155,5.948343,coconut
24,6,32,28.11321,90.01735,6.387068,coconut
1,8,26,27.51363,94.18956,5.562912,coconut
31,13,33,27.63835,95.48763,5.859719,coconut
10,9,28,29.01257,94.01014,6.282955,coconut
36,27,26,26.58414,95.78923,6.254496,coconut
38,24,33,28.28905,97.00396,5.973853,coconut
11,6,25,28.69165,96.65249,6.081568,coconut
16,14,30,29.70931,96.30484,6.374668,coconut
33,14,35,27.14865,96.66355,6.027707,coconut
16,6,29,29.28725,91.95615,5.868285,coconut
32,11,31,25.06872,93.3141,6.205932,coconut
38,14,30,26.9245,91.20106,5.570745,coconut
8,6,33,28.27804,93.64761,6.095261,coconut
23,6,33,29.18033,92.73041,6.02579,coconut
29,25,35,28.35751,91.64509,5.542874,coconut
24,14,33,29.38073,93.27566,6.36622,coconut
32,12,30,25.39241,98.08951,5.579845,coconut
30,25,31,26.31271,98.62048,5.804965,coconut
14,21,35,29.52501,91.91185,6.121006,coconut
27,22,29,28.83215,92.1717,6.000249,coconut
40,5,29,28.48445,97.76865,5.820979,coconut
17,11,32,28.74013,93.39676,5.620734,coconut
30,30,35,25.00872,95.59224,6.001936,coconut
28,10,30,29.86908,91.14723,6.305741,coconut
39,7,29,27.54273,94.59086,6.362544,coconut
32,20,35,26.52166,98.38228,5.588655,coconut
7,15,32,25.03512,95.8974,6.182233,coconut
29,17,29,29.20395,95.66997,5.959493,coconut
34,15,34,27.05826,91.1051,5.677283,coconut
14,23,25,26.18552,96.96638,5.612123,coconut
18,19,29,27.59377,92.4852,6.206078,coconut
7,21,35,25.76012,94.65831,5.764812,coconut
24,27,34,28.87863,95.1132,6.203377,coconut
39,29,29,26.50909,94.48415,6.143663,coconut
29,8,28,26.87038,91.72546,6.100429,coconut
10,24,27,27.57284,94.90486,5.70841,coconut
0,29,32,28.05912,98.3671,5.868256,coconut
32,11,31,29.51612,92.56493,6.461226,coconut
37,10,32,28.96318,95.16334,6.165085,coconut
20,29,27,25.09898,92.36099,6.047044,coconut
31,29,35,27.18723,92.19907,6.137103,coconut
17,30,27,29.03065,90.79094,5.894027,coconut
1,12,30,27.7543,95.94644,5.562224,coconut
6,13,29,27.31156,99.96906,5.832608,coconut
15,28,32,28.84271,99.64329,6.218572,coconut
27,24,29,26.61423,96.97301,6.142011,coconut
3,23,30,29.70143,95.65754,6.078807,coconut
8,26,26,25.5476,91.64195,5.702485,coconut
20,28,26,26.37978,91.49883,5.547595,coconut
26,18,27,27.45908,92.90736,5.836075,coconut
1,6,35,27.02269,95.71935,6.231663,coconut
27,30,31,28.98545,90.73967,5.71812,coconut
23,7,34,26.10551,91.52421,5.852038,coconut
0,26,31,25.07072,95.02157,5.547933,coconut
38,6,25,25.54963,96.92787,6.156259,coconut
25,12,26,28.56974,95.67907,6.436314,coconut
40,5,32,26.07011,96.70362,5.98117,coconut
0,19,31,25.51791,94.38421,6.271953,coconut
26,9,32,25.94904,94.73861,6.470466,coconut
35,30,34,28.29748,95.41123,6.141502,coconut
19,30,30,29.56549,91.40896,5.826381,coconut
31,13,33,29.69952,95.21224,6.342464,coconut
17,29,26,26.14162,93.28415,6.071897,coconut
2,30,30,26.00175,94.79998,6.331052,coconut
30,13,25,27.15116,91.48889,6.413185,coconut
8,15,33,28.97319,98.09861,5.50158,coconut
18,12,35,26.13958,96.38581,6.338721,coconut
8,28,30,25.51618,94.33465,6.015672,coconut
40,22,29,27.55822,99.98188,5.735364,coconut
27,10,33,27.81133,97.48411,6.465906,coconut
21,20,31,25.60034,99.72401,5.855458,coconut
3,9,35,26.91642,99.84672,6.318553,coconut
22,16,27,29.17979,90.27214,6.006785,coconut
27,8,30,26.446,98.29938,6.008386,coconut
22,8,33,28.43573,95.88404,5.665785,coconut
28,27,32,28.941,93.00109,5.764615,coconut
23,21,26,26.45489,93.45043,5.901496,coconut
37,5,34,25.79491,93.84151,5.779033,coconut
19,26,29,26.93142,98.80314,5.671549,coconut
133,47,24,24.40229,79.19732,7.231325,cotton
136,36,20,23.09596,84.86276,6.925412,cotton
104,47,18,23.96563,76.97697,7.633437,cotton
133,47,23,24.88738,75.62137,6.827355,cotton
126,38,23,25.36244,83.63276,6.176716,cotton
126,50,19,24.69457,81.73589,6.628723,cotton
113,41,20,25.00172,80.53966,7.256878,cotton
121,45,22,22.45943,81.30681,6.443785,cotton
121,47,16,23.60564,79.29573,7.72324,cotton
129,60,22,24.58453,79.12404,5.947449,cotton
107,45,25,23.08659,83.55546,7.227746,cotton
122,59,18,23.5001,83.63489,6.219469,cotton
140,38,15,24.1473,75.88299,6.02144,cotton
102,49,21,24.69316,84.84422,6.253344,cotton
111,40,25,24.48469,84.44932,6.187456,cotton
131,35,18,24.49113,82.24416,7.057693,cotton
135,43,16,23.47987,81.73049,6.72045,cotton
100,46,18,24.18586,76.04204,6.43169,cotton
123,39,24,25.00755,78.17952,7.453106,cotton
117,56,15,25.99237,77.05435,7.368258,cotton
121,36,24,23.66457,81.69105,7.352402,cotton
101,58,18,25.66891,81.38103,6.652144,cotton
107,42,24,22.04613,84.62978,6.144632,cotton
100,41,22,22.42048,84.55795,7.318802,cotton
125,39,21,25.0315,82.21277,7.954629,cotton
105,60,23,23.53371,77.21706,6.207652,cotton
102,46,19,22.77076,82.59933,6.631005,cotton
131,49,22,25.49848,79.97516,7.306919,cotton
139,35,15,25.24868,83.46301,5.898293,cotton
108,36,19,22.7825,77.51235,7.238567,cotton
118,45,23,23.37044,77.43199,7.977651,cotton
107,51,22,24.86561,78.22081,5.983076,cotton
125,60,17,24.14386,84.51591,6.785724,cotton
113,37,20,25.033,79.04369,7.393441,cotton
131,52,16,23.65724,84.47601,6.486068,cotton
115,48,16,25.5436,84.0923,7.175935,cotton
113,38,25,22.00085,79.47271,7.388266,cotton
111,41,18,23.64328,78.12587,6.105398,cotton
111,53,19,23.96436,78.02763,6.419537,cotton
122,48,16,24.65426,75.63507,6.307586,cotton
108,46,17,24.3018,84.87669,6.932215,cotton
132,41,22,24.29145,81.02453,7.810866,cotton
103,42,17,24.2947,84.61528,6.527542,cotton
133,50,25,25.7218,81.19666,7.569455,cotton
127,37,18,24.87664,76.3005,7.041066,cotton
110,39,25,22.60612,77.34264,7.208795,cotton
131,38,19,23.86814,75.6834,6.814342,cotton
108,38,24,23.41022,76.43837,7.442217,cotton
122,40,17,24.96441,81.31678,6.854559,cotton
111,50,15,25.1682,80.30352,7.88455,cotton
140,40,17,22.72767,77.07598,6.006086,cotton
100,40,20,22.45146,76.25675,7.432044,cotton
123,50,16,23.0492,75.53835,6.498052,cotton
107,36,21,25.2925,75.66653,6.205264,cotton
118,50,19,22.95604,82.33734,6.360812,cotton
103,51,20,22.80213,84.14668,7.046607,cotton
133,57,19,23.54235,75.98203,7.947011,cotton
129,47,20,24.41212,80.80344,6.281914,cotton
116,52,19,22.94277,75.37171,6.114526,cotton
114,40,23,25.53676,81.13669,6.753978,cotton
131,60,17,25.32024,81.79476,7.425041,cotton
107,43,18,22.42673,81.53481,6.745104,cotton
123,44,21,25.78544,75.00539,7.641117,cotton
112,49,25,25.6896,77.90621,6.470135,cotton
119,44,15,22.14594,82.85975,7.091992,cotton
130,59,19,25.07279,82.50258,6.520404,cotton
127,53,24,22.21507,76.17852,6.12794,cotton
134,52,18,23.96431,76.59176,7.99468,cotton
109,36,18,25.40059,76.53238,7.524708,cotton
100,48,17,23.78051,83.03879,7.827878,cotton
132,52,19,24.16402,76.74339,6.436692,cotton
102,37,25,25.31468,77.91757,5.907931,cotton
111,39,22,22.60362,80.3509,6.135025,cotton
117,51,15,22.95357,78.71556,6.044557,cotton
136,36,24,22.74447,80.41198,7.59782,cotton
134,56,18,23.80835,83.91903,6.691268,cotton
112,54,15,25.46229,81.56642,6.175492,cotton
105,56,15,25.9678,81.97904,7.272316,cotton
140,45,15,25.53083,80.04663,5.801048,cotton
126,46,25,24.43847,81.69802,6.757458,cotton
106,49,24,23.03888,76.4704,6.983396,cotton
121,53,19,23.51309,76.72621,7.976889,cotton
108,60,17,22.75806,76.75768,6.558903,cotton
116,56,17,24.71253,77.72931,7.97909,cotton
100,52,19,23.45969,82.44777,7.903529,cotton
129,43,16,25.55037,77.85056,6.732109,cotton
118,44,23,22.08458,82.82904,6.69169,cotton
117,43,25,24.68855,78.51207,7.839849,cotton
126,37,21,25.84997,84.16855,6.614486,cotton
120,48,16,22.46054,75.40989,7.456972,cotton
102,45,16,23.6563,77.52426,7.294219,cotton
131,56,20,22.00817,81.83896,7.762648,cotton
114,40,17,24.3263,80.13456,6.363406,cotton
101,37,18,22.92361,82.68739,7.637378,cotton
106,46,20,23.43822,78.63389,6.200672,cotton
113,38,20,22.10719,78.5832,6.36473,cotton
102,53,21,23.03814,76.11022,6.913679,cotton
110,39,18,24.54795,75.39753,7.76626,cotton
107,58,15,23.73868,75.77504,7.556064,cotton
120,60,15,22.31872,83.8613,7.288377,cotton
89,47,38,25.52469,72.24851,6.002525,jute
60,37,39,26.59105,82.94164,6.033485,jute
63,41,45,25.29782,86.88705,7.121934,jute
86,40,39,25.72101,88.16514,6.20746,jute
96,41,40,23.58419,72.00461,6.09006,jute
100,35,36,25.31042,72.01364,6.346715,jute
63,37,43,23.41799,85.0864,6.661958,jute
70,43,40,24.35564,88.80391,6.17686,jute
67,55,44,26.28402,75.1464,7.251847,jute
74,40,40,25.13843,83.12054,6.38626,jute
89,53,44,24.88693,71.91712,7.319735,jute
74,46,45,25.75735,88.36669,6.025029,jute
89,41,38,23.12844,74.68323,6.344752,jute
60,55,40,24.995,88.95693,7.02778,jute
67,43,38,25.21623,70.8826,7.299305,jute
70,38,35,24.39736,79.26862,7.014064,jute
74,49,38,23.3141,71.45091,7.488014,jute
90,40,39,25.72669,81.86172,6.626504,jute
82,35,44,26.96656,78.21048,6.239011,jute
73,45,37,23.70467,74.63745,6.742688,jute
85,53,38,24.90076,73.84186,6.588017,jute
81,56,36,23.39606,72.60513,7.097586,jute
84,55,38,26.87484,79.78725,6.956683,jute
80,45,42,23.14265,74.9974,7.380396,jute
76,54,45,24.29497,77.62976,6.176619,jute
76,56,39,24.39459,89.89107,6.55113,jute
81,40,45,25.76294,80.76238,6.427727,jute
76,44,45,25.48797,84.48236,6.740948,jute
69,47,40,25.37123,76.24037,6.130136,jute
82,40,45,26.21313,81.70476,6.667633,jute
69,57,35,24.30749,78.54341,6.186814,jute
81,36,38,23.76555,87.9833,6.334838,jute
67,60,38,24.79853,78.53037,7.162143,jute
72,51,40,23.20684,74.09957,7.422318,jute
65,39,45,23.66805,70.89001,6.768001,jute
78,50,43,25.12418,85.72531,6.348441,jute
77,52,41,23.89069,83.46409,6.097294,jute
89,52,42,23.09434,81.45139,6.141329,jute
62,49,37,24.21745,82.85284,7.479248,jute
90,48,45,24.06476,71.31343,6.509175,jute
66,47,36,24.85441,74.4407,6.572561,jute
80,52,39,26.41915,76.85691,7.165697,jute
89,52,45,24.89326,77.01223,7.207457,jute
77,51,44,23.25583,82.70159,7.124334,jute
94,37,41,24.76345,87.06071,6.463539,jute
75,41,35,24.97043,78.62698,6.856833,jute
60,55,36,26.12797,80.49173,7.132389,jute
62,56,35,25.97826,81.6577,6.235358,jute
84,40,42,26.28306,73.35764,6.704274,jute
100,56,40,26.38905,83.3124,7.433313,jute
75,56,44,25.27463,73.74596,6.109478,jute
78,46,42,23.095,78.4596,7.095413,jute
82,48,36,25.79352,81.76904,6.352077,jute
100,58,41,23.17403,87.88255,6.65877,jute
88,50,40,25.63215,79.95151,7.051822,jute
67,41,40,25.8488,87.81662,7.333143,jute
72,42,43,26.56767,80.90425,6.352771,jute
89,40,43,26.24532,72.97198,7.12405,jute
89,57,43,26.91515,73.19898,6.998787,jute
61,41,44,24.36972,82.1132,6.537915,jute
79,45,43,25.71901,79.15532,7.171054,jute
84,40,43,25.01158,88.3313,7.228268,jute
98,43,35,25.40786,76.44049,7.319952,jute
75,36,44,23.28081,74.27607,6.613341,jute
89,58,35,23.98652,82.09053,6.096839,jute
91,41,37,24.48556,83.2063,6.132571,jute
77,48,36,25.86705,84.09985,7.360085,jute
66,58,35,23.56438,79.46283,7.321619,jute
62,59,41,24.22488,74.89465,7.175171,jute
82,35,35,25.49387,86.97061,7.299076,jute
61,41,35,24.97179,79.47558,6.842966,jute
99,57,38,24.80625,82.09282,6.356296,jute
70,42,43,23.16815,76.66725,6.508343,jute
90,59,35,24.25133,89.86454,7.098228,jute
73,43,42,26.58361,78.00775,6.3107,jute
67,46,44,26.82489,78.20393,7.093329,jute
84,37,42,25.49675,81.13449,6.691074,jute
72,41,36,24.09874,80.57227,6.187747,jute
71,56,37,23.18867,86.209,6.491506,jute
64,53,38,26.24347,78.51064,6.855363,jute
65,54,39,23.75092,71.14783,7.124572,jute
60,58,37,26.13872,79.11889,6.067302,jute
86,39,43,26.14577,71.23691,6.432052,jute
90,50,44,26.91644,73.48656,6.253409,jute
91,38,36,26.5233,77.17332,7.287319,jute
87,48,38,23.8158,80.94024,7.161866,jute
72,41,36,26.50839,86.84264,6.065898,jute
71,54,35,26.63952,70.95706,7.311077,jute
82,46,41,23.32501,79.79609,6.581694,jute
71,52,43,26.4755,73.96165,6.732826,jute
80,43,43,23.78756,74.36794,6.014572,jute
77,55,43,25.49942,75.99988,6.663559,jute
95,57,41,23.24926,73.65347,6.434611,jute
63,47,35,26.98582,89.05588,7.432768,jute
93,43,38,23.61475,86.1429,6.987333,jute
87,44,43,23.87484,86.79261,6.718725,jute
88,52,39,23.92888,88.07112,6.880205,jute
90,39,37,24.81441,81.68689,6.861069,jute
90,39,43,24.44744,82.28648,6.769346,jute
84,38,43,26.57422,73.81995,7.261581,jute
91,21,26,26.33378,57.3647,7.261314,coffee
107,21,26,26.45288,55.32223,7.23507,coffee
83,38,35,25.70823,52.88667,7.189156,coffee
108,24,31,24.12833,56.18108,6.4319,coffee
116,28,34,23.44372,60.39523,6.423211,coffee
116,23,25,23.41237,52.26995,6.86972,coffee
109,31,27,23.05952,50.40609,6.97384,coffee
89,25,34,23.07895,63.65861,7.184802,coffee
118,18,32,27.64961,51.11044,6.351824,coffee
111,32,34,25.46744,69.35161,6.392048,coffee
84,36,28,26.73506,55.55165,6.119892,coffee
85,33,25,26.20811,52.50988,6.910824,coffee
99,15,27,27.04242,57.27927,6.501157,coffee
81,30,31,24.6509,51.93952,7.027586,coffee
95,39,29,27.35153,55.99375,7.134114,coffee
81,34,30,25.17788,62.26245,6.647766,coffee
80,15,28,23.11439,68.00096,6.703271,coffee
104,20,26,27.22784,52.95262,7.493192,coffee
109,29,28,23.26317,60.516,6.724689,coffee
100,32,26,25.23466,57.53161,6.043486,coffee
100,24,28,25.59535,57.72921,7.101661,coffee
83,21,28,25.56748,60.49245,7.466901,coffee
120,23,28,25.67324,51.29044,6.877799,coffee
104,26,30,24.40727,62.65693,6.410993,coffee
108,33,31,23.69287,66.7609,7.393826,coffee
91,25,26,24.5346,66.99765,7.482414,coffee
86,26,27,27.1314,52.89368,6.081173,coffee
98,18,27,27.56089,68.493,6.516312,coffee
111,27,31,23.59302,55.27565,6.043331,coffee
84,39,35,23.17714,52.13864,6.959404,coffee
98,27,27,24.71384,51.29143,7.23811,coffee
118,21,34,24.38535,64.72543,7.234258,coffee
103,27,31,27.15999,51.59101,6.691541,coffee
82,24,33,26.53543,67.09608,6.809594,coffee
86,31,35,27.01207,60.76645,6.485761,coffee
88,35,35,27.55906,58.45743,6.784461,coffee
84,27,29,23.32293,53.00366,7.167093,coffee
120,40,33,24.23851,54.3033,6.734105,coffee
106,40,30,23.42612,64.10652,6.779984,coffee
113,21,33,26.02241,55.83289,7.277423,coffee
117,34,25,24.83846,56.76853,7.2127,coffee
80,30,25,26.24092,65.64381,7.487267,coffee
88,21,27,24.43012,66.02411,7.231167,coffee
113,33,34,26.00374,62.14451,6.559817,coffee
87,23,28,26.22367,62.26595,6.979591,coffee
113,15,29,27.09617,63.55324,6.77923,coffee
98,29,30,25.64004,61.03273,6.217974,coffee
97,29,27,27.74577,54.36976,7.205079,coffee
85,35,32,26.24928,54.28618,6.854011,coffee
82,29,35,26.67377,52.24226,6.246872,coffee
103,33,25,27.1021,55.74973,6.911066,coffee
112,17,28,27.62975,61.26003,6.777418,coffee
99,19,33,27.53645,55.51673,6.273742,coffee
120,20,34,23.56961,50.5634,6.906125,coffee
114,27,28,24.99452,57.9325,7.162802,coffee
100,40,35,27.56442,54.41094,6.955787,coffee
108,35,25,23.98143,61.10935,6.971963,coffee
115,31,30,24.22985,67.37768,6.840928,coffee
87,28,30,25.60154,68.66258,6.536677,coffee
82,24,26,24.31274,53.57286,6.089444,coffee
94,26,27,26.3663,52.25738,7.45646,coffee
87,28,35,26.56028,57.16218,6.759212,coffee
118,40,35,26.35034,58.5065,7.460175,coffee
87,38,29,25.20407,57.8837,6.652643,coffee
92,40,30,23.35723,55.18792,6.026287,coffee
97,22,26,23.60568,59.68849,6.07419,coffee
99,40,32,24.18471,69.94807,7.045543,coffee
89,28,33,26.44414,53.83876,6.993236,coffee
112,39,29,26.12492,63.37479,6.726529,coffee
111,28,26,27.77363,64.47859,6.937353,coffee
114,20,26,25.55657,62.67088,7.279057,coffee
117,26,30,27.92374,67.96911,7.079851,coffee
111,29,31,26.05968,52.31099,6.136287,coffee
119,30,28,26.35771,64.57578,6.505204,coffee
116,40,33,24.9137,54.15319,7.042089,coffee
95,37,35,27.31317,68.42334,6.348338,coffee
86,40,33,26.13879,52.26312,7.432322,coffee
117,37,32,23.10694,67.06231,6.787659,coffee
105,18,35,23.52648,68.44031,6.743417,coffee
109,23,25,25.11711,68.4803,7.007332,coffee
80,18,31,24.02953,58.84881,7.303033,coffee
101,31,26,26.70898,69.71184,6.861235,coffee
103,33,33,26.71717,50.50149,7.131436,coffee
93,26,27,24.59246,56.4683,7.288212,coffee
104,35,28,27.51006,50.66687,6.983732,coffee
116,36,25,27.57848,58.52534,6.17209,coffee
107,38,29,26.65069,57.56696,6.351182,coffee
101,33,33,26.97252,62.01836,6.908671,coffee
107,31,31,23.17125,52.97841,6.766184,coffee
99,16,30,23.52652,65.44341,6.392792,coffee
103,40,30,27.30902,55.19622,6.348316,coffee
118,31,34,27.54823,62.88179,6.123796,coffee
106,21,35,25.62736,57.04151,7.428524,coffee
116,38,34,23.2925,50.04557,6.020947,coffee
97,35,26,24.91461,53.74145,6.33461,coffee
107,34,32,26.77464,66.41327,6.780064,coffee
99,15,27,27.41711,56.63636,6.086922,coffee
118,33,30,24.1318,67.22512,6.362608,coffee
117,32,34,26.27242,52.12739,6.758793,coffee
104,18,30,23.60302,60.39647,6.779833,coffee
